{"cameraMode":{"drawMode":0,"name":"Shaded","section":"Shading Mode"},"sceneLighting":true,"audioPlay":false,"sceneViewState":{"showFog":true,"showMaterialUpdate":false,"showSkybox":true,"showFlares":true,"showImageEffects":true,"showParticleSystems":true},"in2DMode":false,"pivot":{"x":-9.40632152557373,"y":1.3607614040374756,"z":5.688396453857422},"rotation":{"x":-0.04646429046988487,"y":-0.848436713218689,"z":0.0755486711859703,"w":-0.521812915802002},"size":9.550000190734864,"orthographic":false}