{"cameraMode":{"drawMode":0,"name":"Shaded","section":"Shading Mode"},"sceneLighting":true,"audioPlay":false,"sceneViewState":{"showFog":true,"showMaterialUpdate":false,"showSkybox":true,"showFlares":true,"showImageEffects":true,"showParticleSystems":true},"in2DMode":false,"pivot":{"x":13.087496757507325,"y":12.141144752502442,"z":-8.230579376220704},"rotation":{"x":0.28115129470825198,"y":-0.21751731634140016,"z":0.06558675318956375,"w":0.9323832392692566},"size":3.2756054401397707,"orthographic":false}