{"cameraMode":{"drawMode":0,"name":"Shaded","section":"Shading Mode"},"sceneLighting":true,"audioPlay":false,"sceneViewState":{"showFog":true,"showMaterialUpdate":false,"showSkybox":true,"showFlares":true,"showImageEffects":false,"showParticleSystems":true},"in2DMode":false,"pivot":{"x":-6.466627597808838,"y":1.6494659185409547,"z":8.512208938598633},"rotation":{"x":0.09523294866085053,"y":0.5913547277450562,"z":-0.07060400396585465,"w":0.7976499199867249},"size":10.481932640075684,"orthographic":false}