{"cameraMode":{"drawMode":0,"name":"Shaded","section":"Shading Mode"},"sceneLighting":true,"audioPlay":false,"sceneViewState":{"showFog":true,"showMaterialUpdate":false,"showSkybox":true,"showFlares":true,"showImageEffects":false,"showParticleSystems":true},"in2DMode":false,"pivot":{"x":-16.339311599731447,"y":-1.553808569908142,"z":-5.357433795928955},"rotation":{"x":0.09828519076108933,"y":-0.5699794292449951,"z":0.06891851872205734,"w":0.8128430247306824},"size":50.60880661010742,"orthographic":false}