{"cameraMode":{"drawMode":0,"name":"Shaded","section":"Shading Mode"},"sceneLighting":true,"audioPlay":false,"sceneViewState":{"showFog":true,"showMaterialUpdate":false,"showSkybox":true,"showFlares":true,"showImageEffects":false,"showParticleSystems":true},"in2DMode":false,"pivot":{"x":-13.67180061340332,"y":1.7621934413909913,"z":5.040642261505127},"rotation":{"x":-0.10518752783536911,"y":0.3543417453765869,"z":-0.040149986743927,"w":-0.9283132553100586},"size":10.481932640075684,"orthographic":false}