{"cameraMode":{"drawMode":0,"name":"Shaded","section":"Shading Mode"},"sceneLighting":true,"audioPlay":false,"sceneViewState":{"showFog":true,"showMaterialUpdate":false,"showSkybox":true,"showFlares":true,"showImageEffects":false,"showParticleSystems":true},"in2DMode":false,"pivot":{"x":-14.808271408081055,"y":-1.3334547281265259,"z":-0.4100165069103241},"rotation":{"x":0.02045280672609806,"y":-0.9727604985237122,"z":0.21072566509246827,"w":0.09441102296113968},"size":10.481932640075684,"orthographic":false}