{"cameraMode":{"drawMode":0,"name":"Shaded","section":"Shading Mode"},"sceneLighting":true,"audioPlay":false,"sceneViewState":{"showFog":true,"showMaterialUpdate":false,"showSkybox":true,"showFlares":true,"showImageEffects":false,"showParticleSystems":true},"in2DMode":false,"pivot":{"x":-54.63518142700195,"y":-6.364292621612549,"z":20.8690185546875},"rotation":{"x":0.06978107243776322,"y":-0.6150524616241455,"z":0.05477897822856903,"w":0.7834796905517578},"size":50.60880661010742,"orthographic":false}